{
    "0001": {
        "09": [
            {
                "pos": [
                    134.0,
                    262.0
                ],
                "size": [
                    114.0,
                    68.0
                ],
                "text": "\uce68\ub300",
                "unit_pos": [
                    0.37222222222222223,
                    0.3454248366013071
                ],
                "unit_size": [
                    0.31666666666666665,
                    0.18888888888888888
                ]
            }
        ]
    },
    "0257": {
        "01": [
            {
                "pos": [
                    179.0,
                    142.00000000000003
                ],
                "size": [
                    125.0,
                    59.999999999999964
                ],
                "text": "\ub178\ub780\uc0c9 \uc6d0\ud53c\uc2a4",
                "unit_pos": [
                    0.49722222222222223,
                    0.012091503267973832
                ],
                "unit_size": [
                    0.3472222222222222,
                    0.16666666666666657
                ]
            },
            {
                "pos": [
                    233.0,
                    412.0
                ],
                "size": [
                    111.0,
                    61.0
                ],
                "text": "\ubb34\uc9c0\uac1c",
                "unit_pos": [
                    0.6472222222222223,
                    0.7620915032679737
                ],
                "unit_size": [
                    0.30833333333333335,
                    0.16944444444444445
                ]
            },
            {
                "pos": [
                    40.0,
                    360.0
                ],
                "size": [
                    125.99999999999999,
                    64.99999999999994
                ],
                "text": "\uad6c\ub984",
                "unit_pos": [
                    0.1111111111111111,
                    0.6176470588235293
                ],
                "unit_size": [
                    0.35,
                    0.18055555555555539
                ]
            },
            {
                "pos": [
                    33.0,
                    226.00000000000003
                ],
                "size": [
                    114.99999999999999,
                    65.99999999999997
                ],
                "text": "\ud314\ucc0c",
                "unit_pos": [
                    0.09166666666666666,
                    0.24542483660130718
                ],
                "unit_size": [
                    0.3194444444444444,
                    0.18333333333333326
                ]
            }
        ],
        "06": [
            {
                "pos": [
                    231.00000000000003,
                    359.00000000000006
                ],
                "size": [
                    111.99999999999997,
                    61.99999999999994
                ],
                "text": "\ube44\ud589\uae30",
                "unit_pos": [
                    0.6416666666666667,
                    0.6148692810457517
                ],
                "unit_size": [
                    0.311111111111111,
                    0.17222222222222205
                ]
            },
            {
                "pos": [
                    20.0,
                    289.0
                ],
                "size": [
                    113.0,
                    60.0
                ],
                "text": "\uc0c8",
                "unit_pos": [
                    0.05555555555555555,
                    0.4204248366013071
                ],
                "unit_size": [
                    0.3138888888888889,
                    0.16666666666666666
                ]
            }
        ],
        "07": [
            {
                "pos": [
                    85.0,
                    157.31372549019608
                ],
                "size": [
                    259.0,
                    298.0
                ],
                "text": "",
                "unit_pos": [
                    0.2361111111111111,
                    0.05462962962962952
                ],
                "unit_size": [
                    0.7194444444444444,
                    0.8277777777777777
                ]
            }
        ],
        "08": [
            {
                "pos": [
                    74.0,
                    69.0
                ],
                "size": [
                    61.0,
                    119.99999999999997
                ],
                "text": "",
                "unit_pos": [
                    0.20555555555555555,
                    -0.19068627450980402
                ],
                "unit_size": [
                    0.16944444444444445,
                    0.33333333333333326
                ]
            }
        ]
    }
}